point_id,easting_utm,northing_utm,elevation_msl,latitude_wgs84,longitude_wgs84,status
GCP-001,719947,3167768,215.4,28.625912,77.20845656,FIXED_RTK
GCP-002,719978,3168166,215.4,28.629494,77.20877442,FIXED_RTK
GCP-003,719680,3167807,215.4,28.626263,77.20571888,FIXED_RTK
GCP-004,719894,3168119,215.4,28.629071,77.20791313,FIXED_RTK
GCP-005,719860,3168150,215.4,28.62935,77.20756451,FIXED_RTK
GCP-006,719812,3167761,215.4,28.625849,77.20707234,FIXED_RTK
GCP-007,719904,3167889,215.4,28.627001,77.20801566,FIXED_RTK
GCP-008,719919,3168053,215.4,28.628477,77.20816947,FIXED_RTK
GCP-009,720026,3167970,215.4,28.62773,77.20926659,FIXED_RTK
GCP-010,719678,3168240,215.4,28.63016,77.20569837,FIXED_RTK
GCP-011,720154,3167789,215.4,28.626101,77.21057904,FIXED_RTK
GCP-012,719912,3168207,215.4,28.629863,77.20809769,FIXED_RTK
GCP-013,720181,3167993,215.4,28.627937,77.21085589,FIXED_RTK
GCP-014,720050,3167926,215.4,28.627334,77.20951268,FIXED_RTK
GCP-015,719709,3168173,215.4,28.629557,77.20601623,FIXED_RTK
GCP-016,720157,3167982,215.4,28.627838,77.2106098,FIXED_RTK
GCP-017,720005,3168134,215.4,28.629206,77.20905127,FIXED_RTK
GCP-018,719807,3167933,215.4,28.627397,77.20702107,FIXED_RTK
GCP-019,720318,3167985,215.4,28.627865,77.21226062,FIXED_RTK
GCP-020,719805,3167865,215.4,28.626785,77.20700057,FIXED_RTK
GCP-021,719727,3168172,215.4,28.629548,77.20620079,FIXED_RTK
GCP-022,720036,3168137,215.4,28.629233,77.20936913,FIXED_RTK
GCP-023,719863,3167810,215.4,28.62629,77.20759527,FIXED_RTK
GCP-024,720053,3167763,215.4,28.625867,77.20954344,FIXED_RTK
