unit_vprid,financial_year,usage_type,assessed_value,annual_tax,amount_paid,amount_due,payment_status
VPR-BLD0901-F01-U01,2026-27,RESIDENTIAL,364800,36480,36480,0,PAID
VPR-BLD0901-F01-U02,2026-27,RESIDENTIAL,364800,36480,36480,0,PAID
VPR-BLD0901-F01-U03,2026-27,RESIDENTIAL,364800,36480,36480,0,PAID
VPR-BLD0901-F01-U04,2026-27,RESIDENTIAL,364800,36480,0,36480,PENDING
VPR-BLD0901-F02-U01,2026-27,RESIDENTIAL,364800,36480,36480,0,PAID
VPR-BLD0901-F02-U02,2026-27,RESIDENTIAL,364800,36480,36480,0,PAID
VPR-BLD0901-F02-U03,2026-27,RESIDENTIAL,364800,36480,0,36480,PENDING
VPR-BLD0901-F02-U04,2026-27,RESIDENTIAL,364800,36480,36480,0,PAID
VPR-BLD0901-F03-U01,2026-27,RESIDENTIAL,364800,36480,36480,0,PAID
VPR-BLD0901-F03-U02,2026-27,RESIDENTIAL,364800,36480,0,36480,PENDING
VPR-BLD0901-F03-U03,2026-27,RESIDENTIAL,364800,36480,36480,0,PAID
VPR-BLD0901-F03-U04,2026-27,RESIDENTIAL,364800,36480,36480,0,PAID
VPR-BLD0901-F04-U01,2026-27,RESIDENTIAL,364800,36480,0,36480,PENDING
VPR-BLD0901-F04-U02,2026-27,RESIDENTIAL,364800,36480,36480,0,PAID
VPR-BLD0901-F04-U03,2026-27,RESIDENTIAL,364800,36480,36480,0,PAID
VPR-BLD0901-F04-U04,2026-27,RESIDENTIAL,364800,36480,36480,0,PAID
VPR-BLD0901-F05-U01,2026-27,RESIDENTIAL,364800,36480,36480,0,PAID
VPR-BLD0901-F05-U02,2026-27,RESIDENTIAL,364800,36480,36480,0,PAID
VPR-BLD0901-F05-U03,2026-27,RESIDENTIAL,364800,36480,36480,0,PAID
VPR-BLD0901-F05-U04,2026-27,RESIDENTIAL,364800,36480,36480,0,PAID
VPR-BLD0901-F06-U01,2026-27,RESIDENTIAL,364800,36480,36480,0,PAID
VPR-BLD0901-F06-U02,2026-27,RESIDENTIAL,364800,36480,36480,0,PAID
VPR-BLD0901-F06-U03,2026-27,RESIDENTIAL,364800,36480,36480,0,PAID
VPR-BLD0901-F06-U04,2026-27,RESIDENTIAL,364800,36480,0,36480,PENDING
VPR-BLD0901-F07-U01,2026-27,RESIDENTIAL,364800,36480,36480,0,PAID
VPR-BLD0901-F07-U02,2026-27,RESIDENTIAL,364800,36480,36480,0,PAID
VPR-BLD0901-F07-U03,2026-27,RESIDENTIAL,364800,36480,0,36480,PENDING
VPR-BLD0901-F07-U04,2026-27,RESIDENTIAL,364800,36480,36480,0,PAID
VPR-BLD0901-F08-U01,2026-27,RESIDENTIAL,364800,36480,36480,0,PAID
VPR-BLD0901-F08-U02,2026-27,RESIDENTIAL,364800,36480,0,36480,PENDING
VPR-BLD0901-F08-U03,2026-27,RESIDENTIAL,364800,36480,36480,0,PAID
VPR-BLD0901-F08-U04,2026-27,RESIDENTIAL,184000,18400,18400,0,PAID
VPR-BLD0901-F09-U01,2026-27,RESIDENTIAL,364800,36480,0,36480,PENDING
VPR-BLD0901-F09-U02,2026-27,RESIDENTIAL,364800,36480,36480,0,PAID
VPR-BLD0901-F09-U03,2026-27,RESIDENTIAL,364800,36480,36480,0,PAID
VPR-BLD0901-F09-U04,2026-27,RESIDENTIAL,364800,36480,36480,0,PAID
VPR-BLD0901-F10-U01,2026-27,RESIDENTIAL,364800,36480,36480,0,PAID
VPR-BLD0901-F10-U02,2026-27,RESIDENTIAL,364800,36480,36480,0,PAID
VPR-BLD0901-F10-U03,2026-27,RESIDENTIAL,364800,36480,36480,0,PAID
VPR-BLD0901-F10-U04,2026-27,RESIDENTIAL,364800,36480,36480,0,PAID
VPR-BLD0901-F11-U01,2026-27,RESIDENTIAL,364800,36480,36480,0,PAID
VPR-BLD0901-F11-U02,2026-27,RESIDENTIAL,364800,36480,36480,0,PAID
VPR-BLD0901-F11-U03,2026-27,RESIDENTIAL,364800,36480,36480,0,PAID
VPR-BLD0901-F11-U04,2026-27,RESIDENTIAL,364800,36480,0,36480,PENDING
VPR-BLD0901-F12-U01,2026-27,RESIDENTIAL,320000,32000,32000,0,PAID
VPR-BLD0901-F12-U02,2026-27,RESIDENTIAL,320000,32000,32000,0,PAID
VPR-BLD0901-F12-U03,2026-27,RESIDENTIAL,364800,36480,0,36480,PENDING
VPR-BLD0901-F12-U04,2026-27,RESIDENTIAL,364800,36480,36480,0,PAID
VPR-BLD0902-F01-U01,2026-27,RESIDENTIAL,95000,9500,9500,0,PAID
VPR-BLD0902-F01-U02,2026-27,RESIDENTIAL,95000,9500,9500,0,PAID
VPR-BLD0902-F02-U01,2026-27,RESIDENTIAL,95000,9500,9500,0,PAID
VPR-BLD0902-F02-U02,2026-27,RESIDENTIAL,95000,9500,9500,0,PAID
VPR-BLD0902-F03-U01,2026-27,RESIDENTIAL,95000,9500,9500,0,PAID
VPR-BLD0902-F03-U02,2026-27,RESIDENTIAL,95000,9500,9500,0,PAID
VPR-BLD0902-F04-U01,2026-27,RESIDENTIAL,95000,9500,9500,0,PAID
VPR-BLD0902-F04-U02,2026-27,RESIDENTIAL,95000,9500,9500,0,PAID
VPR-BLD0902-F05-U01,2026-27,RESIDENTIAL,95000,9500,9500,0,PAID
VPR-BLD0902-F05-U02,2026-27,RESIDENTIAL,95000,9500,9500,0,PAID
VPR-BLD0903-F01-S01,2026-27,COMMERCIAL,2592000,216000,216000,0,PAID
VPR-BLD0903-F01-S02,2026-27,COMMERCIAL,972000,81000,81000,0,PAID
VPR-BLD0903-F02-S01,2026-27,COMMERCIAL,691200,57600,57600,0,PAID
VPR-BLD0903-F02-S02,2026-27,COMMERCIAL,453600,37800,37800,0,PAID
VPR-BLD0903-F02-S03,2026-27,COMMERCIAL,388800,32400,32400,0,PAID
VPR-BLD0903-F03-S01,2026-27,COMMERCIAL,864000,72000,72000,0,PAID
VPR-BLD0903-F03-S02,2026-27,COMMERCIAL,345600,28800,28800,0,PAID
VPR-BLD0903-F04-S01,2026-27,COMMERCIAL,3888000,324000,324000,0,PAID
VPR-BLD0908-F01-U01,2026-27,RESIDENTIAL,120000,12000,12000,0,PAID
VPR-BLD0908-F01-U02,2026-27,RESIDENTIAL,120000,12000,12000,0,PAID
VPR-BLD0908-F02-U01,2026-27,RESIDENTIAL,120000,12000,12000,0,PAID
VPR-BLD0908-F02-U02,2026-27,RESIDENTIAL,120000,12000,12000,0,PAID
VPR-BLD0908-F03-U01,2026-27,RESIDENTIAL,120000,12000,12000,0,PAID
VPR-BLD0908-F03-U02,2026-27,RESIDENTIAL,120000,12000,12000,0,PAID
VPR-BLD0908-F04-U01,2026-27,RESIDENTIAL,120000,12000,12000,0,PAID
VPR-BLD0908-F04-U02,2026-27,RESIDENTIAL,120000,12000,12000,0,PAID
VPR-BLD0908-F05-U01,2026-27,RESIDENTIAL,120000,12000,12000,0,PAID
VPR-BLD0908-F05-U02,2026-27,RESIDENTIAL,120000,12000,12000,0,PAID
VPR-BLD0909-F01-U01,2026-27,RESIDENTIAL,120000,12000,12000,0,PAID
VPR-BLD0909-F01-U02,2026-27,RESIDENTIAL,120000,12000,12000,0,PAID
VPR-BLD0909-F02-U01,2026-27,RESIDENTIAL,120000,12000,12000,0,PAID
VPR-BLD0909-F02-U02,2026-27,RESIDENTIAL,120000,12000,12000,0,PAID
VPR-BLD0909-F03-U01,2026-27,RESIDENTIAL,120000,12000,12000,0,PAID
VPR-BLD0909-F03-U02,2026-27,RESIDENTIAL,120000,12000,12000,0,PAID
VPR-BLD0909-F04-U01,2026-27,RESIDENTIAL,120000,12000,12000,0,PAID
VPR-BLD0909-F04-U02,2026-27,RESIDENTIAL,120000,12000,12000,0,PAID
VPR-BLD0909-F05-U01,2026-27,RESIDENTIAL,120000,12000,12000,0,PAID
VPR-BLD0909-F05-U02,2026-27,RESIDENTIAL,120000,12000,12000,0,PAID
VPR-BLD0910-F01-U01,2026-27,RESIDENTIAL,120000,12000,12000,0,PAID
VPR-BLD0910-F01-U02,2026-27,RESIDENTIAL,120000,12000,12000,0,PAID
VPR-BLD0910-F02-U01,2026-27,RESIDENTIAL,120000,12000,12000,0,PAID
VPR-BLD0910-F02-U02,2026-27,RESIDENTIAL,120000,12000,12000,0,PAID
VPR-BLD0910-F03-U01,2026-27,RESIDENTIAL,120000,12000,12000,0,PAID
VPR-BLD0910-F03-U02,2026-27,RESIDENTIAL,120000,12000,12000,0,PAID
VPR-BLD0910-F04-U01,2026-27,RESIDENTIAL,120000,12000,12000,0,PAID
VPR-BLD0910-F04-U02,2026-27,RESIDENTIAL,120000,12000,12000,0,PAID
VPR-BLD0910-F05-U01,2026-27,RESIDENTIAL,120000,12000,12000,0,PAID
VPR-BLD0910-F05-U02,2026-27,RESIDENTIAL,120000,12000,12000,0,PAID
VPR-BLD0911-F01-U01,2026-27,RESIDENTIAL,120000,12000,12000,0,PAID
VPR-BLD0911-F01-U02,2026-27,RESIDENTIAL,120000,12000,12000,0,PAID
VPR-BLD0911-F02-U01,2026-27,RESIDENTIAL,120000,12000,12000,0,PAID
VPR-BLD0911-F02-U02,2026-27,RESIDENTIAL,120000,12000,12000,0,PAID
VPR-BLD0911-F03-U01,2026-27,RESIDENTIAL,120000,12000,12000,0,PAID
VPR-BLD0911-F03-U02,2026-27,RESIDENTIAL,120000,12000,12000,0,PAID
VPR-BLD0911-F04-U01,2026-27,RESIDENTIAL,120000,12000,12000,0,PAID
VPR-BLD0911-F04-U02,2026-27,RESIDENTIAL,120000,12000,12000,0,PAID
VPR-BLD0912-F01-U01,2026-27,RESIDENTIAL,120000,12000,12000,0,PAID
VPR-BLD0912-F01-U02,2026-27,RESIDENTIAL,120000,12000,12000,0,PAID
VPR-BLD0912-F02-U01,2026-27,RESIDENTIAL,120000,12000,12000,0,PAID
VPR-BLD0912-F02-U02,2026-27,RESIDENTIAL,120000,12000,12000,0,PAID
VPR-BLD0912-F03-U01,2026-27,RESIDENTIAL,120000,12000,12000,0,PAID
VPR-BLD0912-F03-U02,2026-27,RESIDENTIAL,120000,12000,12000,0,PAID
VPR-BLD0913-F01-U01,2026-27,RESIDENTIAL,120000,12000,12000,0,PAID
VPR-BLD0913-F01-U02,2026-27,RESIDENTIAL,120000,12000,12000,0,PAID
VPR-BLD0913-F02-U01,2026-27,RESIDENTIAL,120000,12000,12000,0,PAID
VPR-BLD0913-F02-U02,2026-27,RESIDENTIAL,120000,12000,12000,0,PAID
VPR-BLD0913-F03-U01,2026-27,RESIDENTIAL,120000,12000,12000,0,PAID
VPR-BLD0913-F03-U02,2026-27,RESIDENTIAL,120000,12000,12000,0,PAID
VPR-BLD0913-F04-U01,2026-27,RESIDENTIAL,120000,12000,12000,0,PAID
VPR-BLD0913-F04-U02,2026-27,RESIDENTIAL,120000,12000,12000,0,PAID
VPR-BLD0913-F05-U01,2026-27,RESIDENTIAL,120000,12000,12000,0,PAID
VPR-BLD0913-F05-U02,2026-27,RESIDENTIAL,120000,12000,12000,0,PAID
VPR-BLD0913-F06-U01,2026-27,RESIDENTIAL,120000,12000,12000,0,PAID
VPR-BLD0913-F06-U02,2026-27,RESIDENTIAL,120000,12000,12000,0,PAID
VPR-BLD0913-F07-U01,2026-27,RESIDENTIAL,120000,12000,12000,0,PAID
VPR-BLD0913-F07-U02,2026-27,RESIDENTIAL,120000,12000,12000,0,PAID
VPR-BLD0913-F08-U01,2026-27,RESIDENTIAL,120000,12000,12000,0,PAID
VPR-BLD0913-F08-U02,2026-27,RESIDENTIAL,120000,12000,12000,0,PAID
VPR-BLD0914-F01-U01,2026-27,RESIDENTIAL,120000,12000,12000,0,PAID
VPR-BLD0914-F01-U02,2026-27,RESIDENTIAL,120000,12000,12000,0,PAID
VPR-BLD0914-F02-U01,2026-27,RESIDENTIAL,120000,12000,12000,0,PAID
VPR-BLD0914-F02-U02,2026-27,RESIDENTIAL,120000,12000,12000,0,PAID
VPR-BLD0914-F03-U01,2026-27,RESIDENTIAL,120000,12000,12000,0,PAID
VPR-BLD0914-F03-U02,2026-27,RESIDENTIAL,120000,12000,12000,0,PAID
VPR-BLD0914-F04-U01,2026-27,RESIDENTIAL,120000,12000,12000,0,PAID
VPR-BLD0914-F04-U02,2026-27,RESIDENTIAL,120000,12000,12000,0,PAID
VPR-BLD0914-F05-U01,2026-27,RESIDENTIAL,120000,12000,12000,0,PAID
VPR-BLD0914-F05-U02,2026-27,RESIDENTIAL,120000,12000,12000,0,PAID
VPR-BLD0914-F06-U01,2026-27,RESIDENTIAL,120000,12000,12000,0,PAID
VPR-BLD0914-F06-U02,2026-27,RESIDENTIAL,120000,12000,12000,0,PAID
VPR-BLD0914-F07-U01,2026-27,RESIDENTIAL,120000,12000,12000,0,PAID
VPR-BLD0914-F07-U02,2026-27,RESIDENTIAL,120000,12000,12000,0,PAID
VPR-BLD0914-F08-U01,2026-27,RESIDENTIAL,120000,12000,12000,0,PAID
VPR-BLD0914-F08-U02,2026-27,RESIDENTIAL,120000,12000,12000,0,PAID
VPR-BLD0915-F01-U01,2026-27,RESIDENTIAL,120000,12000,12000,0,PAID
VPR-BLD0915-F01-U02,2026-27,RESIDENTIAL,120000,12000,12000,0,PAID
VPR-BLD0915-F02-U01,2026-27,RESIDENTIAL,120000,12000,12000,0,PAID
VPR-BLD0915-F02-U02,2026-27,RESIDENTIAL,120000,12000,12000,0,PAID
VPR-BLD0915-F03-U01,2026-27,RESIDENTIAL,120000,12000,12000,0,PAID
VPR-BLD0915-F03-U02,2026-27,RESIDENTIAL,120000,12000,12000,0,PAID
VPR-BLD0915-F04-U01,2026-27,RESIDENTIAL,120000,12000,12000,0,PAID
VPR-BLD0915-F04-U02,2026-27,RESIDENTIAL,120000,12000,12000,0,PAID
VPR-BLD0916-F01-U01,2026-27,RESIDENTIAL,120000,12000,12000,0,PAID
VPR-BLD0916-F01-U02,2026-27,RESIDENTIAL,120000,12000,12000,0,PAID
VPR-BLD0916-F02-U01,2026-27,RESIDENTIAL,120000,12000,12000,0,PAID
VPR-BLD0916-F02-U02,2026-27,RESIDENTIAL,120000,12000,12000,0,PAID
VPR-BLD0916-F03-U01,2026-27,RESIDENTIAL,120000,12000,12000,0,PAID
VPR-BLD0916-F03-U02,2026-27,RESIDENTIAL,120000,12000,12000,0,PAID
VPR-BLD0917-F01-U01,2026-27,RESIDENTIAL,120000,12000,12000,0,PAID
VPR-BLD0917-F01-U02,2026-27,RESIDENTIAL,120000,12000,12000,0,PAID
VPR-BLD0917-F02-U01,2026-27,RESIDENTIAL,120000,12000,12000,0,PAID
VPR-BLD0917-F02-U02,2026-27,RESIDENTIAL,120000,12000,12000,0,PAID
VPR-BLD0917-F03-U01,2026-27,RESIDENTIAL,120000,12000,12000,0,PAID
VPR-BLD0917-F03-U02,2026-27,RESIDENTIAL,120000,12000,12000,0,PAID
VPR-BLD0918-F01-U01,2026-27,RESIDENTIAL,120000,12000,12000,0,PAID
VPR-BLD0918-F01-U02,2026-27,RESIDENTIAL,120000,12000,12000,0,PAID
VPR-BLD0918-F02-U01,2026-27,RESIDENTIAL,120000,12000,12000,0,PAID
VPR-BLD0918-F02-U02,2026-27,RESIDENTIAL,120000,12000,12000,0,PAID
VPR-BLD0918-F03-U01,2026-27,RESIDENTIAL,120000,12000,12000,0,PAID
VPR-BLD0918-F03-U02,2026-27,RESIDENTIAL,120000,12000,12000,0,PAID
VPR-BLD0918-F04-U01,2026-27,RESIDENTIAL,120000,12000,12000,0,PAID
VPR-BLD0918-F04-U02,2026-27,RESIDENTIAL,120000,12000,12000,0,PAID
VPR-BLD0918-F05-U01,2026-27,RESIDENTIAL,120000,12000,12000,0,PAID
VPR-BLD0918-F05-U02,2026-27,RESIDENTIAL,120000,12000,12000,0,PAID
VPR-BLD0919-F01-U01,2026-27,RESIDENTIAL,120000,12000,12000,0,PAID
VPR-BLD0919-F01-U02,2026-27,RESIDENTIAL,120000,12000,12000,0,PAID
VPR-BLD0919-F02-U01,2026-27,RESIDENTIAL,120000,12000,12000,0,PAID
VPR-BLD0919-F02-U02,2026-27,RESIDENTIAL,120000,12000,12000,0,PAID
VPR-BLD0919-F03-U01,2026-27,RESIDENTIAL,120000,12000,12000,0,PAID
VPR-BLD0919-F03-U02,2026-27,RESIDENTIAL,120000,12000,12000,0,PAID
VPR-BLD0919-F04-U01,2026-27,RESIDENTIAL,120000,12000,12000,0,PAID
VPR-BLD0919-F04-U02,2026-27,RESIDENTIAL,120000,12000,12000,0,PAID
VPR-BLD0919-F05-U01,2026-27,RESIDENTIAL,120000,12000,12000,0,PAID
VPR-BLD0919-F05-U02,2026-27,RESIDENTIAL,120000,12000,12000,0,PAID
VPR-BLD0919-F06-U01,2026-27,RESIDENTIAL,120000,12000,12000,0,PAID
VPR-BLD0919-F06-U02,2026-27,RESIDENTIAL,120000,12000,12000,0,PAID
