unit_vprid,tenant_name,lease_start,lease_end,monthly_rent,status
VPR-BLD0901-F01-U01,Sneha Patel,2025-01-01,2026-12-31,38000,ACTIVE
VPR-BLD0901-F01-U02,Aditya Birla Retail,2025-01-01,2026-12-31,38000,ACTIVE
VPR-BLD0901-F01-U03,Apex Healthcare,2025-01-01,2026-12-31,38000,ACTIVE
VPR-BLD0901-F01-U04,Zomato Kitchens,2025-01-01,2026-12-31,38000,ACTIVE
VPR-BLD0901-F02-U01,Aditya Birla Retail,2025-01-01,2026-12-31,38000,ACTIVE
VPR-BLD0901-F02-U02,Apex Healthcare,2025-01-01,2026-12-31,38000,ACTIVE
VPR-BLD0901-F02-U03,Zomato Kitchens,2025-01-01,2026-12-31,38000,ACTIVE
VPR-BLD0901-F02-U04,Croma Digital Hub,2025-01-01,2026-12-31,38000,ACTIVE
VPR-BLD0901-F03-U01,Apex Healthcare,2025-01-01,2026-12-31,38000,ACTIVE
VPR-BLD0901-F03-U02,Zomato Kitchens,2025-01-01,2026-12-31,38000,ACTIVE
VPR-BLD0901-F03-U03,Croma Digital Hub,2025-01-01,2026-12-31,38000,ACTIVE
VPR-BLD0901-F03-U04,FabIndia Living,2025-01-01,2026-12-31,38000,ACTIVE
VPR-BLD0901-F04-U01,Zomato Kitchens,2025-01-01,2026-12-31,38000,ACTIVE
VPR-BLD0901-F04-U02,Croma Digital Hub,2025-01-01,2026-12-31,38000,ACTIVE
VPR-BLD0901-F04-U03,FabIndia Living,2025-01-01,2026-12-31,38000,ACTIVE
VPR-BLD0901-F04-U04,Reliance Smart Bazaar,2025-01-01,2026-12-31,38000,ACTIVE
VPR-BLD0901-F05-U01,Croma Digital Hub,2025-01-01,2026-12-31,38000,ACTIVE
VPR-BLD0901-F05-U02,FabIndia Living,2025-01-01,2026-12-31,38000,ACTIVE
VPR-BLD0901-F05-U03,Reliance Smart Bazaar,2025-01-01,2026-12-31,38000,ACTIVE
VPR-BLD0901-F05-U04,Starbucks Coffee,2025-01-01,2026-12-31,38000,ACTIVE
VPR-BLD0901-F06-U01,FabIndia Living,2025-01-01,2026-12-31,38000,ACTIVE
VPR-BLD0901-F06-U02,Reliance Smart Bazaar,2025-01-01,2026-12-31,38000,ACTIVE
VPR-BLD0901-F06-U03,Starbucks Coffee,2025-01-01,2026-12-31,38000,ACTIVE
VPR-BLD0901-F06-U04,HDFC Bank Branch,2025-01-01,2026-12-31,38000,ACTIVE
VPR-BLD0901-F07-U01,Reliance Smart Bazaar,2025-01-01,2026-12-31,38000,ACTIVE
VPR-BLD0901-F07-U02,Starbucks Coffee,2025-01-01,2026-12-31,38000,ACTIVE
VPR-BLD0901-F07-U03,HDFC Bank Branch,2025-01-01,2026-12-31,38000,ACTIVE
VPR-BLD0901-F07-U04,N/A,2025-01-01,2026-12-31,38000,VACANT
VPR-BLD0901-F08-U01,Starbucks Coffee,2025-01-01,2026-12-31,38000,ACTIVE
VPR-BLD0901-F08-U02,HDFC Bank Branch,2025-01-01,2026-12-31,38000,ACTIVE
VPR-BLD0901-F08-U03,N/A,2025-01-01,2026-12-31,38000,VACANT
VPR-BLD0901-F08-U04,Rohan Gupta,2025-01-01,2026-12-31,38000,ACTIVE
VPR-BLD0901-F09-U01,HDFC Bank Branch,2025-01-01,2026-12-31,38000,ACTIVE
VPR-BLD0901-F09-U02,N/A,2025-01-01,2026-12-31,38000,VACANT
VPR-BLD0901-F09-U03,Rohan Gupta,2025-01-01,2026-12-31,38000,ACTIVE
VPR-BLD0901-F09-U04,Vikramaditya Rao,2025-01-01,2026-12-31,38000,ACTIVE
VPR-BLD0901-F10-U01,N/A,2025-01-01,2026-12-31,38000,VACANT
VPR-BLD0901-F10-U02,Rohan Gupta,2025-01-01,2026-12-31,38000,ACTIVE
VPR-BLD0901-F10-U03,Vikramaditya Rao,2025-01-01,2026-12-31,38000,ACTIVE
VPR-BLD0901-F10-U04,Sneha Patel,2025-01-01,2026-12-31,38000,ACTIVE
VPR-BLD0901-F11-U01,Rohan Gupta,2025-01-01,2026-12-31,38000,ACTIVE
VPR-BLD0901-F11-U02,Vikramaditya Rao,2025-01-01,2026-12-31,38000,ACTIVE
VPR-BLD0901-F11-U03,Sneha Patel,2025-01-01,2026-12-31,38000,ACTIVE
VPR-BLD0901-F11-U04,Aditya Birla Retail,2025-01-01,2026-12-31,38000,ACTIVE
VPR-BLD0901-F12-U01,N/A,2025-01-01,2026-12-31,38000,VACANT
VPR-BLD0901-F12-U02,N/A,2025-01-01,2026-12-31,38000,VACANT
VPR-BLD0901-F12-U03,Aditya Birla Retail,2025-01-01,2026-12-31,38000,ACTIVE
VPR-BLD0901-F12-U04,Apex Healthcare,2025-01-01,2026-12-31,38000,ACTIVE
VPR-BLD0902-F01-U01,N/A,2024-01-01,2025-12-31,24000,VACANT
VPR-BLD0902-F01-U02,N/A,2024-01-01,2025-12-31,24000,VACANT
VPR-BLD0902-F02-U01,N/A,2024-01-01,2025-12-31,24000,VACANT
VPR-BLD0902-F02-U02,N/A,2024-01-01,2025-12-31,24000,VACANT
VPR-BLD0902-F03-U01,N/A,2024-01-01,2025-12-31,24000,VACANT
VPR-BLD0902-F03-U02,N/A,2024-01-01,2025-12-31,24000,VACANT
VPR-BLD0902-F04-U01,N/A,2024-01-01,2025-12-31,24000,VACANT
VPR-BLD0902-F04-U02,N/A,2024-01-01,2025-12-31,24000,VACANT
VPR-BLD0902-F05-U01,N/A,2024-01-01,2025-12-31,24000,VACANT
VPR-BLD0902-F05-U02,N/A,2024-01-01,2025-12-31,24000,VACANT
VPR-BLD0903-F01-S01,Apex Retail Supermarket,2024-01-01,2027-12-31,145000,ACTIVE
VPR-BLD0903-F01-S02,Croma Digital Store,2024-01-01,2027-12-31,65000,ACTIVE
VPR-BLD0903-F02-S01,FabIndia Living,2024-01-01,2027-12-31,48000,ACTIVE
VPR-BLD0903-F02-S02,Bata India Ltd,2024-01-01,2027-12-31,32000,EXPIRED
VPR-BLD0903-F02-S03,N/A,2024-01-01,2027-12-31,0,VACANT
VPR-BLD0903-F03-S01,Haldiram Express,2024-01-01,2027-12-31,85000,ACTIVE
VPR-BLD0903-F03-S02,Starbucks Coffee,2024-01-01,2027-12-31,52000,ACTIVE
VPR-BLD0903-F04-S01,PVR INOX Cinemas,2024-01-01,2027-12-31,260000,ACTIVE
VPR-BLD0908-F01-U01,N/A,2025-01-01,2026-12-31,28000,VACANT
VPR-BLD0908-F01-U02,N/A,2025-01-01,2026-12-31,28000,VACANT
VPR-BLD0908-F02-U01,N/A,2025-01-01,2026-12-31,28000,VACANT
VPR-BLD0908-F02-U02,N/A,2025-01-01,2026-12-31,28000,VACANT
VPR-BLD0908-F03-U01,N/A,2025-01-01,2026-12-31,28000,VACANT
VPR-BLD0908-F03-U02,N/A,2025-01-01,2026-12-31,28000,VACANT
VPR-BLD0908-F04-U01,N/A,2025-01-01,2026-12-31,28000,VACANT
VPR-BLD0908-F04-U02,N/A,2025-01-01,2026-12-31,28000,VACANT
VPR-BLD0908-F05-U01,N/A,2025-01-01,2026-12-31,28000,VACANT
VPR-BLD0908-F05-U02,N/A,2025-01-01,2026-12-31,28000,VACANT
VPR-BLD0909-F01-U01,N/A,2025-01-01,2026-12-31,28000,VACANT
VPR-BLD0909-F01-U02,N/A,2025-01-01,2026-12-31,28000,VACANT
VPR-BLD0909-F02-U01,N/A,2025-01-01,2026-12-31,28000,VACANT
VPR-BLD0909-F02-U02,N/A,2025-01-01,2026-12-31,28000,VACANT
VPR-BLD0909-F03-U01,N/A,2025-01-01,2026-12-31,28000,VACANT
VPR-BLD0909-F03-U02,N/A,2025-01-01,2026-12-31,28000,VACANT
VPR-BLD0909-F04-U01,N/A,2025-01-01,2026-12-31,28000,VACANT
VPR-BLD0909-F04-U02,N/A,2025-01-01,2026-12-31,28000,VACANT
VPR-BLD0909-F05-U01,N/A,2025-01-01,2026-12-31,28000,VACANT
VPR-BLD0909-F05-U02,N/A,2025-01-01,2026-12-31,28000,VACANT
VPR-BLD0910-F01-U01,N/A,2025-01-01,2026-12-31,28000,VACANT
VPR-BLD0910-F01-U02,N/A,2025-01-01,2026-12-31,28000,VACANT
VPR-BLD0910-F02-U01,N/A,2025-01-01,2026-12-31,28000,VACANT
VPR-BLD0910-F02-U02,N/A,2025-01-01,2026-12-31,28000,VACANT
VPR-BLD0910-F03-U01,N/A,2025-01-01,2026-12-31,28000,VACANT
VPR-BLD0910-F03-U02,N/A,2025-01-01,2026-12-31,28000,VACANT
VPR-BLD0910-F04-U01,N/A,2025-01-01,2026-12-31,28000,VACANT
VPR-BLD0910-F04-U02,N/A,2025-01-01,2026-12-31,28000,VACANT
VPR-BLD0910-F05-U01,N/A,2025-01-01,2026-12-31,28000,VACANT
VPR-BLD0910-F05-U02,N/A,2025-01-01,2026-12-31,28000,VACANT
VPR-BLD0911-F01-U01,N/A,2025-01-01,2026-12-31,28000,VACANT
VPR-BLD0911-F01-U02,N/A,2025-01-01,2026-12-31,28000,VACANT
VPR-BLD0911-F02-U01,N/A,2025-01-01,2026-12-31,28000,VACANT
VPR-BLD0911-F02-U02,N/A,2025-01-01,2026-12-31,28000,VACANT
VPR-BLD0911-F03-U01,N/A,2025-01-01,2026-12-31,28000,VACANT
VPR-BLD0911-F03-U02,N/A,2025-01-01,2026-12-31,28000,VACANT
VPR-BLD0911-F04-U01,N/A,2025-01-01,2026-12-31,28000,VACANT
VPR-BLD0911-F04-U02,N/A,2025-01-01,2026-12-31,28000,VACANT
VPR-BLD0912-F01-U01,N/A,2025-01-01,2026-12-31,28000,VACANT
VPR-BLD0912-F01-U02,N/A,2025-01-01,2026-12-31,28000,VACANT
VPR-BLD0912-F02-U01,N/A,2025-01-01,2026-12-31,28000,VACANT
VPR-BLD0912-F02-U02,N/A,2025-01-01,2026-12-31,28000,VACANT
VPR-BLD0912-F03-U01,N/A,2025-01-01,2026-12-31,28000,VACANT
VPR-BLD0912-F03-U02,N/A,2025-01-01,2026-12-31,28000,VACANT
VPR-BLD0913-F01-U01,N/A,2025-01-01,2026-12-31,28000,VACANT
VPR-BLD0913-F01-U02,N/A,2025-01-01,2026-12-31,28000,VACANT
VPR-BLD0913-F02-U01,N/A,2025-01-01,2026-12-31,28000,VACANT
VPR-BLD0913-F02-U02,N/A,2025-01-01,2026-12-31,28000,VACANT
VPR-BLD0913-F03-U01,N/A,2025-01-01,2026-12-31,28000,VACANT
VPR-BLD0913-F03-U02,N/A,2025-01-01,2026-12-31,28000,VACANT
VPR-BLD0913-F04-U01,N/A,2025-01-01,2026-12-31,28000,VACANT
VPR-BLD0913-F04-U02,N/A,2025-01-01,2026-12-31,28000,VACANT
VPR-BLD0913-F05-U01,N/A,2025-01-01,2026-12-31,28000,VACANT
VPR-BLD0913-F05-U02,N/A,2025-01-01,2026-12-31,28000,VACANT
VPR-BLD0913-F06-U01,N/A,2025-01-01,2026-12-31,28000,VACANT
VPR-BLD0913-F06-U02,N/A,2025-01-01,2026-12-31,28000,VACANT
VPR-BLD0913-F07-U01,N/A,2025-01-01,2026-12-31,28000,VACANT
VPR-BLD0913-F07-U02,N/A,2025-01-01,2026-12-31,28000,VACANT
VPR-BLD0913-F08-U01,N/A,2025-01-01,2026-12-31,28000,VACANT
VPR-BLD0913-F08-U02,N/A,2025-01-01,2026-12-31,28000,VACANT
VPR-BLD0914-F01-U01,N/A,2025-01-01,2026-12-31,28000,VACANT
VPR-BLD0914-F01-U02,N/A,2025-01-01,2026-12-31,28000,VACANT
VPR-BLD0914-F02-U01,N/A,2025-01-01,2026-12-31,28000,VACANT
VPR-BLD0914-F02-U02,N/A,2025-01-01,2026-12-31,28000,VACANT
VPR-BLD0914-F03-U01,N/A,2025-01-01,2026-12-31,28000,VACANT
VPR-BLD0914-F03-U02,N/A,2025-01-01,2026-12-31,28000,VACANT
VPR-BLD0914-F04-U01,N/A,2025-01-01,2026-12-31,28000,VACANT
VPR-BLD0914-F04-U02,N/A,2025-01-01,2026-12-31,28000,VACANT
VPR-BLD0914-F05-U01,N/A,2025-01-01,2026-12-31,28000,VACANT
VPR-BLD0914-F05-U02,N/A,2025-01-01,2026-12-31,28000,VACANT
VPR-BLD0914-F06-U01,N/A,2025-01-01,2026-12-31,28000,VACANT
VPR-BLD0914-F06-U02,N/A,2025-01-01,2026-12-31,28000,VACANT
VPR-BLD0914-F07-U01,N/A,2025-01-01,2026-12-31,28000,VACANT
VPR-BLD0914-F07-U02,N/A,2025-01-01,2026-12-31,28000,VACANT
VPR-BLD0914-F08-U01,N/A,2025-01-01,2026-12-31,28000,VACANT
VPR-BLD0914-F08-U02,N/A,2025-01-01,2026-12-31,28000,VACANT
VPR-BLD0915-F01-U01,N/A,2025-01-01,2026-12-31,28000,VACANT
VPR-BLD0915-F01-U02,N/A,2025-01-01,2026-12-31,28000,VACANT
VPR-BLD0915-F02-U01,N/A,2025-01-01,2026-12-31,28000,VACANT
VPR-BLD0915-F02-U02,N/A,2025-01-01,2026-12-31,28000,VACANT
VPR-BLD0915-F03-U01,N/A,2025-01-01,2026-12-31,28000,VACANT
VPR-BLD0915-F03-U02,N/A,2025-01-01,2026-12-31,28000,VACANT
VPR-BLD0915-F04-U01,N/A,2025-01-01,2026-12-31,28000,VACANT
VPR-BLD0915-F04-U02,N/A,2025-01-01,2026-12-31,28000,VACANT
VPR-BLD0916-F01-U01,N/A,2025-01-01,2026-12-31,28000,VACANT
VPR-BLD0916-F01-U02,N/A,2025-01-01,2026-12-31,28000,VACANT
VPR-BLD0916-F02-U01,N/A,2025-01-01,2026-12-31,28000,VACANT
VPR-BLD0916-F02-U02,N/A,2025-01-01,2026-12-31,28000,VACANT
VPR-BLD0916-F03-U01,N/A,2025-01-01,2026-12-31,28000,VACANT
VPR-BLD0916-F03-U02,N/A,2025-01-01,2026-12-31,28000,VACANT
VPR-BLD0917-F01-U01,N/A,2025-01-01,2026-12-31,28000,VACANT
VPR-BLD0917-F01-U02,N/A,2025-01-01,2026-12-31,28000,VACANT
VPR-BLD0917-F02-U01,N/A,2025-01-01,2026-12-31,28000,VACANT
VPR-BLD0917-F02-U02,N/A,2025-01-01,2026-12-31,28000,VACANT
VPR-BLD0917-F03-U01,N/A,2025-01-01,2026-12-31,28000,VACANT
VPR-BLD0917-F03-U02,N/A,2025-01-01,2026-12-31,28000,VACANT
VPR-BLD0918-F01-U01,N/A,2025-01-01,2026-12-31,28000,VACANT
VPR-BLD0918-F01-U02,N/A,2025-01-01,2026-12-31,28000,VACANT
VPR-BLD0918-F02-U01,N/A,2025-01-01,2026-12-31,28000,VACANT
VPR-BLD0918-F02-U02,N/A,2025-01-01,2026-12-31,28000,VACANT
VPR-BLD0918-F03-U01,N/A,2025-01-01,2026-12-31,28000,VACANT
VPR-BLD0918-F03-U02,N/A,2025-01-01,2026-12-31,28000,VACANT
VPR-BLD0918-F04-U01,N/A,2025-01-01,2026-12-31,28000,VACANT
VPR-BLD0918-F04-U02,N/A,2025-01-01,2026-12-31,28000,VACANT
VPR-BLD0918-F05-U01,N/A,2025-01-01,2026-12-31,28000,VACANT
VPR-BLD0918-F05-U02,N/A,2025-01-01,2026-12-31,28000,VACANT
VPR-BLD0919-F01-U01,N/A,2025-01-01,2026-12-31,28000,VACANT
VPR-BLD0919-F01-U02,N/A,2025-01-01,2026-12-31,28000,VACANT
VPR-BLD0919-F02-U01,N/A,2025-01-01,2026-12-31,28000,VACANT
VPR-BLD0919-F02-U02,N/A,2025-01-01,2026-12-31,28000,VACANT
VPR-BLD0919-F03-U01,N/A,2025-01-01,2026-12-31,28000,VACANT
VPR-BLD0919-F03-U02,N/A,2025-01-01,2026-12-31,28000,VACANT
VPR-BLD0919-F04-U01,N/A,2025-01-01,2026-12-31,28000,VACANT
VPR-BLD0919-F04-U02,N/A,2025-01-01,2026-12-31,28000,VACANT
VPR-BLD0919-F05-U01,N/A,2025-01-01,2026-12-31,28000,VACANT
VPR-BLD0919-F05-U02,N/A,2025-01-01,2026-12-31,28000,VACANT
VPR-BLD0919-F06-U01,N/A,2025-01-01,2026-12-31,28000,VACANT
VPR-BLD0919-F06-U02,N/A,2025-01-01,2026-12-31,28000,VACANT
