unit_vprid,owner_name,masked_id,ownership_type,share_percentage,title_deed,effective_date
VPR-BLD0501-F01-U01,Suresh Reddy,ID-XXXX-9281,FREEHOLD,100,DEED-DL-2024-1011,2024-04-15
VPR-BLD0501-F01-U02,Ananya Singh,ID-XXXX-4493,FREEHOLD,100,DEED-DL-2024-1012,2024-04-15
VPR-BLD0501-F01-U03,Rohan Gupta,ID-XXXX-6628,FREEHOLD,100,DEED-DL-2024-1013,2024-04-15
VPR-BLD0501-F01-U04,Deepak Chopra,ID-XXXX-8102,FREEHOLD,100,DEED-DL-2024-1014,2024-04-15
VPR-BLD0501-F02-U01,Meenakshi Sundaram,ID-XXXX-2940,FREEHOLD,100,DEED-DL-2024-1021,2024-04-15
VPR-BLD0501-F02-U02,Amitabh Banerjee,ID-XXXX-7731,FREEHOLD,100,DEED-DL-2024-1022,2024-04-15
VPR-BLD0501-F02-U03,Pooja Hegde,ID-XXXX-3184,FREEHOLD,100,DEED-DL-2024-1023,2024-04-15
VPR-BLD0501-F02-U04,Siddharth Malhotra,ID-XXXX-5927,FREEHOLD,100,DEED-DL-2024-1024,2024-04-15
VPR-BLD0501-F03-U01,Neha Kapoor,ID-XXXX-4819,FREEHOLD,100,DEED-DL-2024-1031,2024-04-15
VPR-BLD0501-F03-U02,Priya Mehta,ID-XXXX-8921,FREEHOLD,100,DEED-DL-2024-1032,2024-04-15
VPR-BLD0501-F03-U03,Rajesh Kumar Sharma,ID-XXXX-1044,FREEHOLD,100,DEED-DL-2024-1033,2024-04-15
VPR-BLD0501-F03-U04,Anil & Sunita Verma,ID-XXXX-3829,FREEHOLD,100,DEED-DL-2024-1034,2024-04-15
VPR-BLD0501-F04-U01,Kavita Krishnamurthy,ID-XXXX-7192,FREEHOLD,100,DEED-DL-2024-1041,2024-04-15
VPR-BLD0501-F04-U02,Mohammed Irfan Khan,ID-XXXX-5510,FREEHOLD,100,DEED-DL-2024-1042,2024-04-15
VPR-BLD0501-F04-U03,Suresh Reddy,ID-XXXX-9281,FREEHOLD,100,DEED-DL-2024-1043,2024-04-15
VPR-BLD0501-F04-U04,Ananya Singh,ID-XXXX-4493,FREEHOLD,100,DEED-DL-2024-1044,2024-04-15
VPR-BLD0501-F05-U01,Rohan Gupta,ID-XXXX-6628,FREEHOLD,100,DEED-DL-2024-1051,2024-04-15
VPR-BLD0501-F05-U02,Deepak Chopra,ID-XXXX-8102,FREEHOLD,100,DEED-DL-2024-1052,2024-04-15
VPR-BLD0501-F05-U03,Meenakshi Sundaram,ID-XXXX-2940,FREEHOLD,100,DEED-DL-2024-1053,2024-04-15
VPR-BLD0501-F05-U04,Amitabh Banerjee,ID-XXXX-7731,FREEHOLD,100,DEED-DL-2024-1054,2024-04-15
VPR-BLD0501-F06-U01,Pooja Hegde,ID-XXXX-3184,FREEHOLD,100,DEED-DL-2024-1061,2024-04-15
VPR-BLD0501-F06-U02,Siddharth Malhotra,ID-XXXX-5927,FREEHOLD,100,DEED-DL-2024-1062,2024-04-15
VPR-BLD0501-F06-U03,Neha Kapoor,ID-XXXX-4819,FREEHOLD,100,DEED-DL-2024-1063,2024-04-15
VPR-BLD0501-F06-U04,Priya Mehta,ID-XXXX-8921,FREEHOLD,100,DEED-DL-2024-1064,2024-04-15
VPR-BLD0501-F07-U01,Rajesh Kumar Sharma,ID-XXXX-1044,FREEHOLD,100,DEED-DL-2024-1071,2024-04-15
VPR-BLD0501-F07-U02,Anil & Sunita Verma,ID-XXXX-3829,FREEHOLD,100,DEED-DL-2024-1072,2024-04-15
VPR-BLD0501-F07-U03,Kavita Krishnamurthy,ID-XXXX-7192,FREEHOLD,100,DEED-DL-2024-1073,2024-04-15
VPR-BLD0501-F07-U04,Mohammed Irfan Khan,ID-XXXX-5510,FREEHOLD,100,DEED-DL-2024-1074,2024-04-15
VPR-BLD0501-F08-U01,Suresh Reddy,ID-XXXX-9281,FREEHOLD,100,DEED-DL-2024-1081,2024-04-15
VPR-BLD0501-F08-U02,Ananya Singh,ID-XXXX-4493,FREEHOLD,100,DEED-DL-2024-1082,2024-04-15
VPR-BLD0501-F08-U03,Rohan Gupta,ID-XXXX-6628,FREEHOLD,100,DEED-DL-2024-1083,2024-04-15
VPR-BLD0501-F08-U04,Priya Mehta,ID-XXXX-8921,FREEHOLD,100,DEED-DL-2024-1084,2024-04-15
VPR-BLD0501-F09-U01,Meenakshi Sundaram,ID-XXXX-2940,FREEHOLD,100,DEED-DL-2024-1091,2024-04-15
VPR-BLD0501-F09-U02,Amitabh Banerjee,ID-XXXX-7731,FREEHOLD,100,DEED-DL-2024-1092,2024-04-15
VPR-BLD0501-F09-U03,Pooja Hegde,ID-XXXX-3184,FREEHOLD,100,DEED-DL-2024-1093,2024-04-15
VPR-BLD0501-F09-U04,Siddharth Malhotra,ID-XXXX-5927,FREEHOLD,100,DEED-DL-2024-1094,2024-04-15
VPR-BLD0501-F10-U01,Neha Kapoor,ID-XXXX-4819,FREEHOLD,100,DEED-DL-2024-1101,2024-04-15
VPR-BLD0501-F10-U02,Priya Mehta,ID-XXXX-8921,FREEHOLD,100,DEED-DL-2024-1102,2024-04-15
VPR-BLD0501-F10-U03,Rajesh Kumar Sharma,ID-XXXX-1044,FREEHOLD,100,DEED-DL-2024-1103,2024-04-15
VPR-BLD0501-F10-U04,Anil & Sunita Verma,ID-XXXX-3829,FREEHOLD,100,DEED-DL-2024-1104,2024-04-15
VPR-BLD0501-F11-U01,Kavita Krishnamurthy,ID-XXXX-7192,FREEHOLD,100,DEED-DL-2024-1111,2024-04-15
VPR-BLD0501-F11-U02,Mohammed Irfan Khan,ID-XXXX-5510,FREEHOLD,100,DEED-DL-2024-1112,2024-04-15
VPR-BLD0501-F11-U03,Suresh Reddy,ID-XXXX-9281,FREEHOLD,100,DEED-DL-2024-1113,2024-04-15
VPR-BLD0501-F11-U04,Ananya Singh,ID-XXXX-4493,FREEHOLD,100,DEED-DL-2024-1114,2024-04-15
VPR-BLD0501-F12-U01,Kavita Krishnamurthy,ID-XXXX-7192,FREEHOLD,100,DEED-DL-2024-1121,2024-04-15
VPR-BLD0501-F12-U02,Kavita Krishnamurthy,ID-XXXX-7192,FREEHOLD,100,DEED-DL-2024-1122,2024-04-15
VPR-BLD0501-F12-U03,Meenakshi Sundaram,ID-XXXX-2940,FREEHOLD,100,DEED-DL-2024-1123,2024-04-15
VPR-BLD0501-F12-U04,Amitabh Banerjee,ID-XXXX-7731,FREEHOLD,100,DEED-DL-2024-1124,2024-04-15
VPR-BLD0502-F01-U01,Kavita Krishnamurthy,ID-XXXX-4411,FREEHOLD,100,DEED-DL-2023-503,2023-01-10
VPR-BLD0502-F01-U02,Mohammed Irfan Khan,ID-XXXX-4411,FREEHOLD,100,DEED-DL-2023-504,2023-01-10
VPR-BLD0502-F02-U01,Suresh Reddy,ID-XXXX-4411,FREEHOLD,100,DEED-DL-2023-505,2023-01-10
VPR-BLD0502-F02-U02,Ananya Singh,ID-XXXX-4411,FREEHOLD,100,DEED-DL-2023-506,2023-01-10
VPR-BLD0502-F03-U01,Rohan Gupta,ID-XXXX-4411,FREEHOLD,100,DEED-DL-2023-507,2023-01-10
VPR-BLD0502-F03-U02,Deepak Chopra,ID-XXXX-4411,FREEHOLD,100,DEED-DL-2023-508,2023-01-10
VPR-BLD0502-F04-U01,Meenakshi Sundaram,ID-XXXX-4411,FREEHOLD,100,DEED-DL-2023-509,2023-01-10
VPR-BLD0502-F04-U02,Amitabh Banerjee,ID-XXXX-4411,FREEHOLD,100,DEED-DL-2023-510,2023-01-10
VPR-BLD0502-F05-U01,Pooja Hegde,ID-XXXX-4411,FREEHOLD,100,DEED-DL-2023-511,2023-01-10
VPR-BLD0502-F05-U02,Siddharth Malhotra,ID-XXXX-4411,FREEHOLD,100,DEED-DL-2023-512,2023-01-10
VPR-BLD0503-F01-S01,Urban Heights Mall Management Ltd,ID-CORP-9081,COMMERCIAL_LEASE,100,COMM-DEED-2022-101,2022-06-01
VPR-BLD0503-F01-S02,Urban Heights Mall Management Ltd,ID-CORP-9081,COMMERCIAL_LEASE,100,COMM-DEED-2022-201,2022-06-01
VPR-BLD0503-F02-S01,Urban Heights Mall Management Ltd,ID-CORP-9081,COMMERCIAL_LEASE,100,COMM-DEED-2022-102,2022-06-01
VPR-BLD0503-F02-S02,Urban Heights Mall Management Ltd,ID-CORP-9081,COMMERCIAL_LEASE,100,COMM-DEED-2022-202,2022-06-01
VPR-BLD0503-F02-S03,Urban Heights Mall Management Ltd,ID-CORP-9081,COMMERCIAL_LEASE,100,COMM-DEED-2022-302,2022-06-01
VPR-BLD0503-F03-S01,Urban Heights Mall Management Ltd,ID-CORP-9081,COMMERCIAL_LEASE,100,COMM-DEED-2022-103,2022-06-01
VPR-BLD0503-F03-S02,Urban Heights Mall Management Ltd,ID-CORP-9081,COMMERCIAL_LEASE,100,COMM-DEED-2022-203,2022-06-01
VPR-BLD0503-F04-S01,Urban Heights Mall Management Ltd,ID-CORP-9081,COMMERCIAL_LEASE,100,COMM-DEED-2022-104,2022-06-01
VPR-BLD0508-F01-U01,Amitabh Banerjee,ID-XXXX-3586,FREEHOLD,100,DEED-DL-2024-6369,2024-03-01
VPR-BLD0508-F01-U02,Pooja Hegde,ID-XXXX-6507,FREEHOLD,100,DEED-DL-2024-4952,2024-03-01
VPR-BLD0508-F02-U01,Pooja Hegde,ID-XXXX-9645,FREEHOLD,100,DEED-DL-2024-1651,2024-03-01
VPR-BLD0508-F02-U02,Siddharth Malhotra,ID-XXXX-6441,FREEHOLD,100,DEED-DL-2024-5129,2024-03-01
VPR-BLD0508-F03-U01,Siddharth Malhotra,ID-XXXX-5238,FREEHOLD,100,DEED-DL-2024-1432,2024-03-01
VPR-BLD0508-F03-U02,Neha Kapoor,ID-XXXX-1825,FREEHOLD,100,DEED-DL-2024-4516,2024-03-01
VPR-BLD0509-F01-U01,Pooja Hegde,ID-XXXX-1460,FREEHOLD,100,DEED-DL-2024-8808,2024-03-01
VPR-BLD0509-F01-U02,Siddharth Malhotra,ID-XXXX-6178,FREEHOLD,100,DEED-DL-2024-7173,2024-03-01
VPR-BLD0509-F02-U01,Siddharth Malhotra,ID-XXXX-8572,FREEHOLD,100,DEED-DL-2024-4760,2024-03-01
VPR-BLD0509-F02-U02,Neha Kapoor,ID-XXXX-5112,FREEHOLD,100,DEED-DL-2024-5284,2024-03-01
VPR-BLD0509-F03-U01,Neha Kapoor,ID-XXXX-8567,FREEHOLD,100,DEED-DL-2024-9423,2024-03-01
VPR-BLD0509-F03-U02,Priya Mehta,ID-XXXX-8632,FREEHOLD,100,DEED-DL-2024-4022,2024-03-01
VPR-BLD0509-F04-U01,Priya Mehta,ID-XXXX-4936,FREEHOLD,100,DEED-DL-2024-5667,2024-03-01
VPR-BLD0509-F04-U02,Rajesh Kumar Sharma,ID-XXXX-3803,FREEHOLD,100,DEED-DL-2024-1035,2024-03-01
VPR-BLD0509-F05-U01,Rajesh Kumar Sharma,ID-XXXX-9297,FREEHOLD,100,DEED-DL-2024-8169,2024-03-01
VPR-BLD0509-F05-U02,Anil & Sunita Verma,ID-XXXX-2678,FREEHOLD,100,DEED-DL-2024-6205,2024-03-01
VPR-BLD0510-F01-U01,Siddharth Malhotra,ID-XXXX-4253,FREEHOLD,100,DEED-DL-2024-6424,2024-03-01
VPR-BLD0510-F01-U02,Neha Kapoor,ID-XXXX-4567,FREEHOLD,100,DEED-DL-2024-7531,2024-03-01
VPR-BLD0510-F02-U01,Neha Kapoor,ID-XXXX-3219,FREEHOLD,100,DEED-DL-2024-8432,2024-03-01
VPR-BLD0510-F02-U02,Priya Mehta,ID-XXXX-8042,FREEHOLD,100,DEED-DL-2024-3177,2024-03-01
VPR-BLD0510-F03-U01,Priya Mehta,ID-XXXX-1211,FREEHOLD,100,DEED-DL-2024-7117,2024-03-01
VPR-BLD0510-F03-U02,Rajesh Kumar Sharma,ID-XXXX-8050,FREEHOLD,100,DEED-DL-2024-4321,2024-03-01
VPR-BLD0510-F04-U01,Rajesh Kumar Sharma,ID-XXXX-8376,FREEHOLD,100,DEED-DL-2024-9864,2024-03-01
VPR-BLD0510-F04-U02,Anil & Sunita Verma,ID-XXXX-3342,FREEHOLD,100,DEED-DL-2024-7872,2024-03-01
VPR-BLD0510-F05-U01,Anil & Sunita Verma,ID-XXXX-1815,FREEHOLD,100,DEED-DL-2024-2627,2024-03-01
VPR-BLD0510-F05-U02,Kavita Krishnamurthy,ID-XXXX-5175,FREEHOLD,100,DEED-DL-2024-4442,2024-03-01
VPR-BLD0511-F01-U01,Neha Kapoor,ID-XXXX-1737,FREEHOLD,100,DEED-DL-2024-3959,2024-03-01
VPR-BLD0511-F01-U02,Priya Mehta,ID-XXXX-7981,FREEHOLD,100,DEED-DL-2024-8916,2024-03-01
VPR-BLD0511-F02-U01,Priya Mehta,ID-XXXX-9481,FREEHOLD,100,DEED-DL-2024-5668,2024-03-01
VPR-BLD0511-F02-U02,Rajesh Kumar Sharma,ID-XXXX-9363,FREEHOLD,100,DEED-DL-2024-1454,2024-03-01
VPR-BLD0511-F03-U01,Rajesh Kumar Sharma,ID-XXXX-6685,FREEHOLD,100,DEED-DL-2024-5815,2024-03-01
VPR-BLD0511-F03-U02,Anil & Sunita Verma,ID-XXXX-7765,FREEHOLD,100,DEED-DL-2024-5936,2024-03-01
VPR-BLD0512-F01-U01,Priya Mehta,ID-XXXX-6471,FREEHOLD,100,DEED-DL-2024-3232,2024-03-01
VPR-BLD0512-F01-U02,Rajesh Kumar Sharma,ID-XXXX-2343,FREEHOLD,100,DEED-DL-2024-7016,2024-03-01
VPR-BLD0512-F02-U01,Rajesh Kumar Sharma,ID-XXXX-1070,FREEHOLD,100,DEED-DL-2024-3176,2024-03-01
VPR-BLD0512-F02-U02,Anil & Sunita Verma,ID-XXXX-8390,FREEHOLD,100,DEED-DL-2024-4405,2024-03-01
VPR-BLD0512-F03-U01,Anil & Sunita Verma,ID-XXXX-9595,FREEHOLD,100,DEED-DL-2024-2567,2024-03-01
VPR-BLD0512-F03-U02,Kavita Krishnamurthy,ID-XXXX-8815,FREEHOLD,100,DEED-DL-2024-8749,2024-03-01
VPR-BLD0512-F04-U01,Kavita Krishnamurthy,ID-XXXX-8335,FREEHOLD,100,DEED-DL-2024-8330,2024-03-01
VPR-BLD0512-F04-U02,Mohammed Irfan Khan,ID-XXXX-6511,FREEHOLD,100,DEED-DL-2024-3695,2024-03-01
VPR-BLD0513-F01-U01,Rajesh Kumar Sharma,ID-XXXX-9659,FREEHOLD,100,DEED-DL-2024-7301,2024-03-01
VPR-BLD0513-F01-U02,Anil & Sunita Verma,ID-XXXX-9205,FREEHOLD,100,DEED-DL-2024-4291,2024-03-01
VPR-BLD0513-F02-U01,Anil & Sunita Verma,ID-XXXX-3519,FREEHOLD,100,DEED-DL-2024-9815,2024-03-01
VPR-BLD0513-F02-U02,Kavita Krishnamurthy,ID-XXXX-9582,FREEHOLD,100,DEED-DL-2024-8838,2024-03-01
VPR-BLD0513-F03-U01,Kavita Krishnamurthy,ID-XXXX-4515,FREEHOLD,100,DEED-DL-2024-6687,2024-03-01
VPR-BLD0513-F03-U02,Mohammed Irfan Khan,ID-XXXX-5163,FREEHOLD,100,DEED-DL-2024-8257,2024-03-01
VPR-BLD0514-F01-U01,Anil & Sunita Verma,ID-XXXX-7081,FREEHOLD,100,DEED-DL-2024-9093,2024-03-01
VPR-BLD0514-F01-U02,Kavita Krishnamurthy,ID-XXXX-4032,FREEHOLD,100,DEED-DL-2024-6943,2024-03-01
VPR-BLD0514-F02-U01,Kavita Krishnamurthy,ID-XXXX-9397,FREEHOLD,100,DEED-DL-2024-2660,2024-03-01
VPR-BLD0514-F02-U02,Mohammed Irfan Khan,ID-XXXX-7758,FREEHOLD,100,DEED-DL-2024-5469,2024-03-01
VPR-BLD0514-F03-U01,Mohammed Irfan Khan,ID-XXXX-6296,FREEHOLD,100,DEED-DL-2024-5932,2024-03-01
VPR-BLD0514-F03-U02,Suresh Reddy,ID-XXXX-8241,FREEHOLD,100,DEED-DL-2024-6023,2024-03-01
VPR-BLD0514-F04-U01,Suresh Reddy,ID-XXXX-1205,FREEHOLD,100,DEED-DL-2024-4030,2024-03-01
VPR-BLD0514-F04-U02,Ananya Singh,ID-XXXX-2228,FREEHOLD,100,DEED-DL-2024-2121,2024-03-01
VPR-BLD0514-F05-U01,Ananya Singh,ID-XXXX-5332,FREEHOLD,100,DEED-DL-2024-2326,2024-03-01
VPR-BLD0514-F05-U02,Rohan Gupta,ID-XXXX-6739,FREEHOLD,100,DEED-DL-2024-2697,2024-03-01
VPR-BLD0514-F06-U01,Rohan Gupta,ID-XXXX-6905,FREEHOLD,100,DEED-DL-2024-7140,2024-03-01
VPR-BLD0514-F06-U02,Deepak Chopra,ID-XXXX-1346,FREEHOLD,100,DEED-DL-2024-1394,2024-03-01
VPR-BLD0515-F01-U01,Kavita Krishnamurthy,ID-XXXX-6516,FREEHOLD,100,DEED-DL-2024-2190,2024-03-01
VPR-BLD0515-F01-U02,Mohammed Irfan Khan,ID-XXXX-3604,FREEHOLD,100,DEED-DL-2024-9374,2024-03-01
VPR-BLD0515-F02-U01,Mohammed Irfan Khan,ID-XXXX-5733,FREEHOLD,100,DEED-DL-2024-8035,2024-03-01
VPR-BLD0515-F02-U02,Suresh Reddy,ID-XXXX-8893,FREEHOLD,100,DEED-DL-2024-4241,2024-03-01
VPR-BLD0515-F03-U01,Suresh Reddy,ID-XXXX-4758,FREEHOLD,100,DEED-DL-2024-4423,2024-03-01
VPR-BLD0515-F03-U02,Ananya Singh,ID-XXXX-2247,FREEHOLD,100,DEED-DL-2024-6702,2024-03-01
VPR-BLD0515-F04-U01,Ananya Singh,ID-XXXX-5062,FREEHOLD,100,DEED-DL-2024-7214,2024-03-01
VPR-BLD0515-F04-U02,Rohan Gupta,ID-XXXX-2190,FREEHOLD,100,DEED-DL-2024-6663,2024-03-01
VPR-BLD0515-F05-U01,Rohan Gupta,ID-XXXX-6016,FREEHOLD,100,DEED-DL-2024-9044,2024-03-01
VPR-BLD0515-F05-U02,Deepak Chopra,ID-XXXX-5621,FREEHOLD,100,DEED-DL-2024-1997,2024-03-01
VPR-BLD0516-F01-U01,Mohammed Irfan Khan,ID-XXXX-9937,FREEHOLD,100,DEED-DL-2024-1724,2024-03-01
VPR-BLD0516-F01-U02,Suresh Reddy,ID-XXXX-3239,FREEHOLD,100,DEED-DL-2024-7923,2024-03-01
VPR-BLD0516-F02-U01,Suresh Reddy,ID-XXXX-8375,FREEHOLD,100,DEED-DL-2024-4952,2024-03-01
VPR-BLD0516-F02-U02,Ananya Singh,ID-XXXX-2688,FREEHOLD,100,DEED-DL-2024-1358,2024-03-01
VPR-BLD0516-F03-U01,Ananya Singh,ID-XXXX-3522,FREEHOLD,100,DEED-DL-2024-3316,2024-03-01
VPR-BLD0516-F03-U02,Rohan Gupta,ID-XXXX-5168,FREEHOLD,100,DEED-DL-2024-7217,2024-03-01
VPR-BLD0516-F04-U01,Rohan Gupta,ID-XXXX-7623,FREEHOLD,100,DEED-DL-2024-2586,2024-03-01
VPR-BLD0516-F04-U02,Deepak Chopra,ID-XXXX-7748,FREEHOLD,100,DEED-DL-2024-9389,2024-03-01
VPR-BLD0516-F05-U01,Deepak Chopra,ID-XXXX-1159,FREEHOLD,100,DEED-DL-2024-6279,2024-03-01
VPR-BLD0516-F05-U02,Meenakshi Sundaram,ID-XXXX-9969,FREEHOLD,100,DEED-DL-2024-2942,2024-03-01
VPR-BLD0516-F06-U01,Meenakshi Sundaram,ID-XXXX-3882,FREEHOLD,100,DEED-DL-2024-3897,2024-03-01
VPR-BLD0516-F06-U02,Amitabh Banerjee,ID-XXXX-7321,FREEHOLD,100,DEED-DL-2024-7960,2024-03-01
VPR-BLD0516-F07-U01,Amitabh Banerjee,ID-XXXX-2755,FREEHOLD,100,DEED-DL-2024-7356,2024-03-01
VPR-BLD0516-F07-U02,Pooja Hegde,ID-XXXX-5113,FREEHOLD,100,DEED-DL-2024-4920,2024-03-01
VPR-BLD0516-F08-U01,Pooja Hegde,ID-XXXX-4652,FREEHOLD,100,DEED-DL-2024-5941,2024-03-01
VPR-BLD0516-F08-U02,Siddharth Malhotra,ID-XXXX-9049,FREEHOLD,100,DEED-DL-2024-7945,2024-03-01
VPR-BLD0517-F01-U01,Suresh Reddy,ID-XXXX-2010,FREEHOLD,100,DEED-DL-2024-3392,2024-03-01
VPR-BLD0517-F01-U02,Ananya Singh,ID-XXXX-1731,FREEHOLD,100,DEED-DL-2024-6456,2024-03-01
VPR-BLD0517-F02-U01,Ananya Singh,ID-XXXX-3548,FREEHOLD,100,DEED-DL-2024-9059,2024-03-01
VPR-BLD0517-F02-U02,Rohan Gupta,ID-XXXX-9613,FREEHOLD,100,DEED-DL-2024-4967,2024-03-01
VPR-BLD0517-F03-U01,Rohan Gupta,ID-XXXX-1657,FREEHOLD,100,DEED-DL-2024-2762,2024-03-01
VPR-BLD0517-F03-U02,Deepak Chopra,ID-XXXX-2603,FREEHOLD,100,DEED-DL-2024-4393,2024-03-01
VPR-BLD0517-F04-U01,Deepak Chopra,ID-XXXX-3183,FREEHOLD,100,DEED-DL-2024-6000,2024-03-01
VPR-BLD0517-F04-U02,Meenakshi Sundaram,ID-XXXX-3282,FREEHOLD,100,DEED-DL-2024-4712,2024-03-01
VPR-BLD0517-F05-U01,Meenakshi Sundaram,ID-XXXX-5222,FREEHOLD,100,DEED-DL-2024-2523,2024-03-01
VPR-BLD0517-F05-U02,Amitabh Banerjee,ID-XXXX-6621,FREEHOLD,100,DEED-DL-2024-2225,2024-03-01
VPR-BLD0517-F06-U01,Amitabh Banerjee,ID-XXXX-5972,FREEHOLD,100,DEED-DL-2024-8865,2024-03-01
VPR-BLD0517-F06-U02,Pooja Hegde,ID-XXXX-7093,FREEHOLD,100,DEED-DL-2024-7892,2024-03-01
VPR-BLD0518-F01-U01,Ananya Singh,ID-XXXX-1117,FREEHOLD,100,DEED-DL-2024-7743,2024-03-01
VPR-BLD0518-F01-U02,Rohan Gupta,ID-XXXX-9288,FREEHOLD,100,DEED-DL-2024-1878,2024-03-01
VPR-BLD0518-F02-U01,Rohan Gupta,ID-XXXX-1860,FREEHOLD,100,DEED-DL-2024-5844,2024-03-01
VPR-BLD0518-F02-U02,Deepak Chopra,ID-XXXX-2149,FREEHOLD,100,DEED-DL-2024-9157,2024-03-01
VPR-BLD0518-F03-U01,Deepak Chopra,ID-XXXX-4677,FREEHOLD,100,DEED-DL-2024-8636,2024-03-01
VPR-BLD0518-F03-U02,Meenakshi Sundaram,ID-XXXX-1311,FREEHOLD,100,DEED-DL-2024-1453,2024-03-01
VPR-BLD0518-F04-U01,Meenakshi Sundaram,ID-XXXX-2132,FREEHOLD,100,DEED-DL-2024-8679,2024-03-01
VPR-BLD0518-F04-U02,Amitabh Banerjee,ID-XXXX-1470,FREEHOLD,100,DEED-DL-2024-8431,2024-03-01
VPR-BLD0518-F05-U01,Amitabh Banerjee,ID-XXXX-8996,FREEHOLD,100,DEED-DL-2024-9905,2024-03-01
VPR-BLD0518-F05-U02,Pooja Hegde,ID-XXXX-2215,FREEHOLD,100,DEED-DL-2024-5717,2024-03-01
VPR-BLD0518-F06-U01,Pooja Hegde,ID-XXXX-3663,FREEHOLD,100,DEED-DL-2024-1248,2024-03-01
VPR-BLD0518-F06-U02,Siddharth Malhotra,ID-XXXX-3473,FREEHOLD,100,DEED-DL-2024-7519,2024-03-01
VPR-BLD0519-F01-U01,Rohan Gupta,ID-XXXX-6843,FREEHOLD,100,DEED-DL-2024-3851,2024-03-01
VPR-BLD0519-F01-U02,Deepak Chopra,ID-XXXX-1037,FREEHOLD,100,DEED-DL-2024-7365,2024-03-01
VPR-BLD0519-F02-U01,Deepak Chopra,ID-XXXX-5210,FREEHOLD,100,DEED-DL-2024-6908,2024-03-01
VPR-BLD0519-F02-U02,Meenakshi Sundaram,ID-XXXX-3587,FREEHOLD,100,DEED-DL-2024-1978,2024-03-01
VPR-BLD0519-F03-U01,Meenakshi Sundaram,ID-XXXX-7713,FREEHOLD,100,DEED-DL-2024-5211,2024-03-01
VPR-BLD0519-F03-U02,Amitabh Banerjee,ID-XXXX-4234,FREEHOLD,100,DEED-DL-2024-9814,2024-03-01
VPR-BLD0519-F04-U01,Amitabh Banerjee,ID-XXXX-4245,FREEHOLD,100,DEED-DL-2024-9456,2024-03-01
VPR-BLD0519-F04-U02,Pooja Hegde,ID-XXXX-5926,FREEHOLD,100,DEED-DL-2024-9291,2024-03-01
VPR-BLD0519-F05-U01,Pooja Hegde,ID-XXXX-7870,FREEHOLD,100,DEED-DL-2024-4682,2024-03-01
VPR-BLD0519-F05-U02,Siddharth Malhotra,ID-XXXX-9429,FREEHOLD,100,DEED-DL-2024-6385,2024-03-01
VPR-BLD0519-F06-U01,Siddharth Malhotra,ID-XXXX-1532,FREEHOLD,100,DEED-DL-2024-4529,2024-03-01
VPR-BLD0519-F06-U02,Neha Kapoor,ID-XXXX-2800,FREEHOLD,100,DEED-DL-2024-5436,2024-03-01
VPR-BLD0519-F07-U01,Neha Kapoor,ID-XXXX-2538,FREEHOLD,100,DEED-DL-2024-2672,2024-03-01
VPR-BLD0519-F07-U02,Priya Mehta,ID-XXXX-6764,FREEHOLD,100,DEED-DL-2024-4102,2024-03-01
VPR-BLD0519-F08-U01,Priya Mehta,ID-XXXX-7409,FREEHOLD,100,DEED-DL-2024-2779,2024-03-01
VPR-BLD0519-F08-U02,Rajesh Kumar Sharma,ID-XXXX-2148,FREEHOLD,100,DEED-DL-2024-3397,2024-03-01
